{
  "version": "3.17.16117.0",
  "scenes": [
    {
      "title": "Untitled Scene"
    },
    {
      "title": "counselling"
    }
  ],
  "slides": [
    {
      "id": "5z37vGT3OJb",
      "title": "परामर्श का परिचय ",
      "scene_index": "1.1"
    },
    {
      "id": "6UByhkOdEYU",
      "title": "What is counselling",
      "scene_index": "1.2"
    },
    {
      "id": "6BMqYKpHwSM",
      "title": "Drag and Drop",
      "scene_index": "2.1"
    },
    {
      "id": "5eiyBo0JmF9",
      "title": "परामर्श में विभिन्न तकनीक का इस्तेमाल होता है जबकी दोस्ताना बातचीत में ऐसा नही होता है l ",
      "scene_index": "2.2"
    },
    {
      "id": "5fXFhkDyn0z",
      "title": "परामर्श मे सम्मलित नही होता है l ",
      "scene_index": "2.3"
    },
    {
      "id": "5hQpY97xGS6",
      "title": "Results Slide",
      "scene_index": "2.4"
    }
  ],
  "player": {
    "name": "unified",
    "width": 980,
    "height": 523
  },
  "stage": {
    "width": 720,
    "height": 405
  }
}