<?xml version="1.0" encoding="utf-8"?>
<tincan xmlns:xsi="http://www.w3.org/2001/XMLSchema-instance" xmlns:xsd="http://www.w3.org/2001/XMLSchema" xmlns="http://projecttincan.com/tincan.xsd">
	<activities>
		<activity id="http://6Z7LBYoYTDb_course_id" type="http://adlnet.gov/expapi/activities/course">
			<name lang="und">Counselling</name>
			<description lang="und" />
			<launch lang="und">story.html</launch>
		</activity>
		<activity id="http://6Z7LBYoYTDb_course_id/639G5aevPqs" type="http://adlnet.gov/expapi/activities/objective">
			<name lang="und">Counselling</name>
			<description lang="und">Counselling</description>
		</activity>
		<activity id="http://6Z7LBYoYTDb_course_id/5z37vGT3OJb" type="http://adlnet.gov/expapi/activities/module">
			<name lang="und">परामर्श का परिचय </name>
			<description lang="und">परामर्श का परिचय </description>
		</activity>
		<activity id="http://6Z7LBYoYTDb_course_id/6UByhkOdEYU" type="http://adlnet.gov/expapi/activities/module">
			<name lang="und">What is counselling</name>
			<description lang="und">What is counselling</description>
		</activity>
		<activity id="http://6Z7LBYoYTDb_course_id/6BMqYKpHwSM" type="http://adlnet.gov/expapi/activities/module">
			<name lang="und">Drag and Drop</name>
			<description lang="und">Drag and Drop</description>
		</activity>
		<activity id="http://6Z7LBYoYTDb_course_id/6BMqYKpHwSM/6MpnkMMZ13j" type="http://adlnet.gov/expapi/activities/cmi.interaction">
			<name lang="und">Drag and Drop</name>
			<description lang="und">Drag and Drop</description>
			<interactionType>matching</interactionType>
			<correctResponsePatterns>
				<correctResponsePattern>statement_6aKiPODVOc7[.]choice_6GmR0AnKBdA</correctResponsePattern>
				<correctResponsePattern>statement_5xpzbHFB5uW[.]choice_6MTShOWqqXq</correctResponsePattern>
			</correctResponsePatterns>
			<source>
				<component>
					<id>statement_6aKiPODVOc7</id>
					<description lang="und">Text Box 2 - ------------------</description>
				</component>
				<component>
					<id>statement_5xpzbHFB5uW</id>
					<description lang="und">Text Box 3 - -----------</description>
				</component>
			</source>
			<target>
				<component>
					<id>choice_6GmR0AnKBdA</id>
					<description lang="und">Text Box 4 - मिलकर सिखने</description>
				</component>
				<component>
					<id>choice_6MTShOWqqXq</id>
					<description lang="und">Text Box 5 - सहायता एवं मार्गदर्शन </description>
				</component>
				<component>
					<id>choice_5cWgZcNa450</id>
					<description lang="und">Text Box 6 - दवाई से </description>
				</component>
				<component>
					<id>choice_6DImtBXbMCi</id>
					<description lang="und">Text Box 7 - सुझाव </description>
				</component>
				<component>
					<id>choice_5kz5jdlKEj1</id>
					<description lang="und">Text Box 8 - दोस्ताना बातचीत  </description>
				</component>
				<component>
					<id>choice_6QEgYa0RGhs</id>
					<description lang="und">Text Box 9 - वचन </description>
				</component>
			</target>
		</activity>
		<activity id="http://6Z7LBYoYTDb_course_id/5eiyBo0JmF9" type="http://adlnet.gov/expapi/activities/module">
			<name lang="und">परामर्श में विभिन्न तकनीक का इस्तेमाल होता है जबकी दोस्ताना बातचीत में ऐसा नही होता है l </name>
			<description lang="und">परामर्श में विभिन्न तकनीक का इस्तेमाल होता है जबकी दोस्ताना बातचीत में ऐसा नही होता है l </description>
		</activity>
		<activity id="http://6Z7LBYoYTDb_course_id/5eiyBo0JmF9/6MbMBzur1y9" type="http://adlnet.gov/expapi/activities/cmi.interaction">
			<name lang="und">परामर्श में विभिन्न तकनीक का इस्तेमाल होता है जबकी दोस्ताना बातचीत में ऐसा नही होता है l </name>
			<description lang="und">परामर्श में विभिन्न तकनीक का इस्तेमाल होता है जबकी दोस्ताना बातचीत में ऐसा नही होता है l </description>
			<interactionType>choice</interactionType>
			<correctResponsePatterns>
				<correctResponsePattern>choice_6MvKElGaKIL</correctResponsePattern>
			</correctResponsePatterns>
			<choices>
				<component>
					<id>choice_6MvKElGaKIL</id>
					<description lang="und">सत्य </description>
				</component>
				<component>
					<id>choice_5kkHiJWw8vi</id>
					<description lang="und">असत्य </description>
				</component>
			</choices>
		</activity>
		<activity id="http://6Z7LBYoYTDb_course_id/5fXFhkDyn0z" type="http://adlnet.gov/expapi/activities/module">
			<name lang="und">परामर्श मे सम्मलित नही होता है l </name>
			<description lang="und">परामर्श मे सम्मलित नही होता है l </description>
		</activity>
		<activity id="http://6Z7LBYoYTDb_course_id/5fXFhkDyn0z/5huyXwFMpdI" type="http://adlnet.gov/expapi/activities/cmi.interaction">
			<name lang="und">परामर्श मे सम्मलित नही होता है l </name>
			<description lang="und">परामर्श मे सम्मलित नही होता है l </description>
			<interactionType>choice</interactionType>
			<correctResponsePatterns>
				<correctResponsePattern>choice_5eBihSeE3T5</correctResponsePattern>
			</correctResponsePatterns>
			<choices>
				<component>
					<id>choice_5eBihSeE3T5</id>
					<description lang="und">रोगी को अच्छे या बुरे व्यक्ति की तरह देखना </description>
				</component>
				<component>
					<id>choice_6LrRlTNfyvj</id>
					<description lang="und">समस्या के समाधान में मदद करना </description>
				</component>
				<component>
					<id>choice_6iTn8UN6o6f</id>
					<description lang="und">मिलकर सीखना</description>
				</component>
				<component>
					<id>choice_6joAvDaImvH</id>
					<description lang="und">उद्देशयपूर्ण बातचीत </description>
				</component>
			</choices>
		</activity>
		<activity id="http://6Z7LBYoYTDb_course_id/5hQpY97xGS6" type="http://adlnet.gov/expapi/activities/module">
			<name lang="und">Results Slide</name>
			<description lang="und">Results Slide</description>
		</activity>
	</activities>
</tincan>