{
  "version": "3.17.16117.0",
  "scenes": [
    {
      "title": "Introduction"
    },
    {
      "title": "PHQ Items "
    },
    {
      "title": "Interpretation"
    },
    {
      "title": "Quiz"
    }
  ],
  "slides": [
    {
      "id": "5gTqSvEa2n1",
      "title": "आरंभ",
      "scene_index": "1.1"
    },
    {
      "id": "60pZGdw17uJ",
      "title": "मापन",
      "scene_index": "1.2"
    },
    {
      "id": "5k3gAADGqsA",
      "title": "सवाल",
      "scene_index": "1.3"
    },
    {
      "id": "6anOISVcZCW",
      "title": "डिप्रेशन का मापन",
      "scene_index": "1.4"
    },
    {
      "id": "5Uuo3QyHX3T",
      "title": "ध्यान रखे",
      "scene_index": "1.5"
    },
    {
      "id": "6mSQMspBvwi",
      "title": "आरंभ",
      "scene_index": "2.1"
    },
    {
      "id": "6DUM03oFAbd",
      "title": "Sleep",
      "scene_index": "2.2"
    },
    {
      "id": "6CWXK0PFjfJ",
      "title": "Tiredness",
      "scene_index": "2.3"
    },
    {
      "id": "6XbWSt2HY7A",
      "title": "Appetite",
      "scene_index": "2.4"
    },
    {
      "id": "6BHMUzvhpoa",
      "title": "Concentration",
      "scene_index": "2.5"
    },
    {
      "id": "66EjQruLqm5",
      "title": "Interest",
      "scene_index": "2.6"
    },
    {
      "id": "5xO329rMptz",
      "title": "Sadness",
      "scene_index": "2.7"
    },
    {
      "id": "6HlQq7rMLpI",
      "title": "Worthlessness",
      "scene_index": "2.8"
    },
    {
      "id": "5oPipEVfZgW",
      "title": "PMR",
      "scene_index": "2.9"
    },
    {
      "id": "6R30NOXnWXY",
      "title": "Self-harm",
      "scene_index": "2.10"
    },
    {
      "id": "6oD9sDhwcSA",
      "title": "कुल प्राप्तांक",
      "scene_index": "2.11"
    },
    {
      "id": "5rMSlb4yYJL",
      "title": "आरंभ",
      "scene_index": "3.1"
    },
    {
      "id": "6UYpXVy5GOH",
      "title": "प्राप्तांक का अर्थ",
      "scene_index": "3.2"
    },
    {
      "id": "6fDM1WvLOOp",
      "title": "धन्यवाद",
      "scene_index": "3.3"
    },
    {
      "id": "5vFrZWYu5Nh",
      "title": "सवाल १",
      "scene_index": "4.1"
    },
    {
      "id": "6hfpKREFufH",
      "title": "सवाल २",
      "scene_index": "4.2"
    },
    {
      "id": "6HIeQIcEShW",
      "title": "सवाल ३",
      "scene_index": "4.3"
    },
    {
      "id": "6eHQtDdLLmC",
      "title": "Results Slide",
      "scene_index": "4.4"
    }
  ],
  "player": {
    "name": "unified",
    "width": 980,
    "height": 658
  },
  "stage": {
    "width": 720,
    "height": 540
  }
}