<?xml version="1.0" encoding="utf-8"?>
<tincan xmlns:xsi="http://www.w3.org/2001/XMLSchema-instance" xmlns:xsd="http://www.w3.org/2001/XMLSchema" xmlns="http://projecttincan.com/tincan.xsd">
	<activities>
		<activity id="http://6EGv5BgBmZx_course_id" type="http://adlnet.gov/expapi/activities/course">
			<name lang="und">PHQ_9_26thJune_2018</name>
			<description lang="und" />
			<launch lang="und">story.html</launch>
		</activity>
		<activity id="http://6EGv5BgBmZx_course_id/5XmX0k7x0WP" type="http://adlnet.gov/expapi/activities/objective">
			<name lang="und">PHQ_9_26thJune_2018</name>
			<description lang="und">PHQ_9_26thJune_2018</description>
		</activity>
		<activity id="http://6EGv5BgBmZx_course_id/5gTqSvEa2n1" type="http://adlnet.gov/expapi/activities/module">
			<name lang="und">आरंभ</name>
			<description lang="und">आरंभ</description>
		</activity>
		<activity id="http://6EGv5BgBmZx_course_id/60pZGdw17uJ" type="http://adlnet.gov/expapi/activities/module">
			<name lang="und">मापन</name>
			<description lang="und">मापन</description>
		</activity>
		<activity id="http://6EGv5BgBmZx_course_id/5k3gAADGqsA" type="http://adlnet.gov/expapi/activities/module">
			<name lang="und">सवाल</name>
			<description lang="und">सवाल</description>
		</activity>
		<activity id="http://6EGv5BgBmZx_course_id/6anOISVcZCW" type="http://adlnet.gov/expapi/activities/module">
			<name lang="und">डिप्रेशन का मापन</name>
			<description lang="und">डिप्रेशन का मापन</description>
		</activity>
		<activity id="http://6EGv5BgBmZx_course_id/5Uuo3QyHX3T" type="http://adlnet.gov/expapi/activities/module">
			<name lang="und">ध्यान रखे</name>
			<description lang="und">ध्यान रखे</description>
		</activity>
		<activity id="http://6EGv5BgBmZx_course_id/6mSQMspBvwi" type="http://adlnet.gov/expapi/activities/module">
			<name lang="und">आरंभ</name>
			<description lang="und">आरंभ</description>
		</activity>
		<activity id="http://6EGv5BgBmZx_course_id/6DUM03oFAbd" type="http://adlnet.gov/expapi/activities/module">
			<name lang="und">Sleep</name>
			<description lang="und">Sleep</description>
		</activity>
		<activity id="http://6EGv5BgBmZx_course_id/6CWXK0PFjfJ" type="http://adlnet.gov/expapi/activities/module">
			<name lang="und">Tiredness</name>
			<description lang="und">Tiredness</description>
		</activity>
		<activity id="http://6EGv5BgBmZx_course_id/6XbWSt2HY7A" type="http://adlnet.gov/expapi/activities/module">
			<name lang="und">Appetite</name>
			<description lang="und">Appetite</description>
		</activity>
		<activity id="http://6EGv5BgBmZx_course_id/6BHMUzvhpoa" type="http://adlnet.gov/expapi/activities/module">
			<name lang="und">Concentration</name>
			<description lang="und">Concentration</description>
		</activity>
		<activity id="http://6EGv5BgBmZx_course_id/66EjQruLqm5" type="http://adlnet.gov/expapi/activities/module">
			<name lang="und">Interest</name>
			<description lang="und">Interest</description>
		</activity>
		<activity id="http://6EGv5BgBmZx_course_id/5xO329rMptz" type="http://adlnet.gov/expapi/activities/module">
			<name lang="und">Sadness</name>
			<description lang="und">Sadness</description>
		</activity>
		<activity id="http://6EGv5BgBmZx_course_id/6HlQq7rMLpI" type="http://adlnet.gov/expapi/activities/module">
			<name lang="und">Worthlessness</name>
			<description lang="und">Worthlessness</description>
		</activity>
		<activity id="http://6EGv5BgBmZx_course_id/5oPipEVfZgW" type="http://adlnet.gov/expapi/activities/module">
			<name lang="und">PMR</name>
			<description lang="und">PMR</description>
		</activity>
		<activity id="http://6EGv5BgBmZx_course_id/6R30NOXnWXY" type="http://adlnet.gov/expapi/activities/module">
			<name lang="und">Self-harm</name>
			<description lang="und">Self-harm</description>
		</activity>
		<activity id="http://6EGv5BgBmZx_course_id/6oD9sDhwcSA" type="http://adlnet.gov/expapi/activities/module">
			<name lang="und">कुल प्राप्तांक</name>
			<description lang="und">कुल प्राप्तांक</description>
		</activity>
		<activity id="http://6EGv5BgBmZx_course_id/5rMSlb4yYJL" type="http://adlnet.gov/expapi/activities/module">
			<name lang="und">आरंभ</name>
			<description lang="und">आरंभ</description>
		</activity>
		<activity id="http://6EGv5BgBmZx_course_id/6UYpXVy5GOH" type="http://adlnet.gov/expapi/activities/module">
			<name lang="und">प्राप्तांक का अर्थ</name>
			<description lang="und">प्राप्तांक का अर्थ</description>
		</activity>
		<activity id="http://6EGv5BgBmZx_course_id/6fDM1WvLOOp" type="http://adlnet.gov/expapi/activities/module">
			<name lang="und">धन्यवाद</name>
			<description lang="und">धन्यवाद</description>
		</activity>
		<activity id="http://6EGv5BgBmZx_course_id/5vFrZWYu5Nh" type="http://adlnet.gov/expapi/activities/module">
			<name lang="und">सवाल १</name>
			<description lang="und">सवाल १</description>
		</activity>
		<activity id="http://6EGv5BgBmZx_course_id/5vFrZWYu5Nh/6759ncifG8O" type="http://adlnet.gov/expapi/activities/cmi.interaction">
			<name lang="und">1. डिप्रेशन  को कैसे नापते है?  सही उत्तर को 
    नीचे बने बॉक्स में पहुंचाए | </name>
			<description lang="und">1. डिप्रेशन  को कैसे नापते है?  सही उत्तर को 
    नीचे बने बॉक्स में पहुंचाए | </description>
			<interactionType>choice</interactionType>
			<correctResponsePatterns>
				<correctResponsePattern>choice_6n2ilVBZv57</correctResponsePattern>
			</correctResponsePatterns>
			<choices>
				<component>
					<id>choice_5sKaJ5Teg1l</id>
					<description lang="und">ग्लूकोमीटर </description>
				</component>
				<component>
					<id>choice_6n2ilVBZv57</id>
					<description lang="und">पी. एच. क्यू. 9</description>
				</component>
				<component>
					<id>choice_5jC8kPUIgNd</id>
					<description lang="und">थर्मामीटर </description>
				</component>
				<component>
					<id>choice_5erFBCP5le4</id>
					<description lang="und">बी. पी. एपरेटस</description>
				</component>
			</choices>
		</activity>
		<activity id="http://6EGv5BgBmZx_course_id/6hfpKREFufH" type="http://adlnet.gov/expapi/activities/module">
			<name lang="und">सवाल २</name>
			<description lang="und">सवाल २</description>
		</activity>
		<activity id="http://6EGv5BgBmZx_course_id/6hfpKREFufH/5flRQ4AqgZx" type="http://adlnet.gov/expapi/activities/cmi.interaction">
			<name lang="und">Drag and Drop</name>
			<description lang="und">Drag and Drop</description>
			<interactionType>matching</interactionType>
			<correctResponsePatterns>
				<correctResponsePattern>statement_5s74GxJig1O[.]choice_5jFW1L5dtnF</correctResponsePattern>
				<correctResponsePattern>statement_6nuwx7C5su7[.]choice_6pd9M8DQ8v1</correctResponsePattern>
				<correctResponsePattern>statement_5l34YqAUpQn[.]choice_6j4688qCirC</correctResponsePattern>
				<correctResponsePattern>statement_5f5ryc1EOfp[.]choice_5Xtd32I5OF7</correctResponsePattern>
			</correctResponsePatterns>
			<source>
				<component>
					<id>statement_5s74GxJig1O</id>
					<description lang="und">Rectangle 1</description>
				</component>
				<component>
					<id>statement_6nuwx7C5su7</id>
					<description lang="und">Rectangle 2</description>
				</component>
				<component>
					<id>statement_5l34YqAUpQn</id>
					<description lang="und">Rectangle 3</description>
				</component>
				<component>
					<id>statement_5f5ryc1EOfp</id>
					<description lang="und">Rectangle 4</description>
				</component>
			</source>
			<target>
				<component>
					<id>choice_5jFW1L5dtnF</id>
					<description lang="und">Text Box 1 - डिप्रेशन नहीं </description>
				</component>
				<component>
					<id>choice_6pd9M8DQ8v1</id>
					<description lang="und">Text Box 2 - कम डिप्रेशन</description>
				</component>
				<component>
					<id>choice_6j4688qCirC</id>
					<description lang="und">Text Box 3 - मध्यम डिप्रेशन</description>
				</component>
				<component>
					<id>choice_5Xtd32I5OF7</id>
					<description lang="und">Text Box 4 - गंभीर डिप्रेशन</description>
				</component>
			</target>
		</activity>
		<activity id="http://6EGv5BgBmZx_course_id/6HIeQIcEShW" type="http://adlnet.gov/expapi/activities/module">
			<name lang="und">सवाल ३</name>
			<description lang="und">सवाल ३</description>
		</activity>
		<activity id="http://6EGv5BgBmZx_course_id/6HIeQIcEShW/6Aa0a9DtwFJ" type="http://adlnet.gov/expapi/activities/cmi.interaction">
			<name lang="und">3. यदि किसी का पी. एच. क्यू. स्कोर 23 से    
    अधिक है तो उसे क्या उपचार देना चाहिए ?</name>
			<description lang="und">3. यदि किसी का पी. एच. क्यू. स्कोर 23 से    
    अधिक है तो उसे क्या उपचार देना चाहिए ?</description>
			<interactionType>choice</interactionType>
			<correctResponsePatterns>
				<correctResponsePattern>choice_5wCOH7r9uia</correctResponsePattern>
			</correctResponsePatterns>
			<choices>
				<component>
					<id>choice_6iATs08Emix</id>
					<description lang="und"> केवल परामर्श</description>
				</component>
				<component>
					<id>choice_5wCOH7r9uia</id>
					<description lang="und"> परामर्श एवम दवाई </description>
				</component>
				<component>
					<id>choice_6B9r7lX3kw2</id>
					<description lang="und">कोई उपचार नहीं </description>
				</component>
				<component>
					<id>choice_6btHoxwcdtW</id>
					<description lang="und">केवल दवाई </description>
				</component>
			</choices>
		</activity>
		<activity id="http://6EGv5BgBmZx_course_id/6eHQtDdLLmC" type="http://adlnet.gov/expapi/activities/module">
			<name lang="und">Results Slide</name>
			<description lang="und">Results Slide</description>
		</activity>
	</activities>
</tincan>