{
  "version": "3.17.16117.0",
  "scenes": [
    {
      "title": "What is Depression?"
    },
    {
      "title": "What is not Depression?"
    },
    {
      "title": "Treatment "
    },
    {
      "title": "Summary"
    },
    {
      "title": "Quiz"
    },
    {
      "title": "Introduction"
    }
  ],
  "slides": [
    {
      "id": "6QIR6wzcMTC",
      "title": "आरंभ",
      "scene_index": "1.1"
    },
    {
      "id": "5wyii6iB1FZ",
      "title": "आरंभ २",
      "scene_index": "1.2"
    },
    {
      "id": "5ZdiCmldYhR",
      "title": "विचार",
      "scene_index": "1.3"
    },
    {
      "id": "6aeX94tQWh6",
      "title": "भावनाएं  ",
      "scene_index": "1.4"
    },
    {
      "id": "6PM9TwzPerq",
      "title": "व्यवहार",
      "scene_index": "1.5"
    },
    {
      "id": "6fe1Ow7ojUo",
      "title": "शारीरिक  लक्षण",
      "scene_index": "1.6"
    },
    {
      "id": "6QFGVPuSRg5",
      "title": "पहचान",
      "scene_index": "1.7"
    },
    {
      "id": "6b6P5wblHYB",
      "title": "जोखिम",
      "scene_index": "1.8"
    },
    {
      "id": "6Ue7pcN8Udg",
      "title": "भ्रम",
      "scene_index": "2.1"
    },
    {
      "id": "5yMyfMU8rQf",
      "title": "उपचार",
      "scene_index": "3.1"
    },
    {
      "id": "5aTY2gNqQ2C",
      "title": "सारांश",
      "scene_index": "4.1"
    },
    {
      "id": "5omM4QNTTHs",
      "title": "रचना की कहानी",
      "scene_index": "5.1"
    },
    {
      "id": "5YLfu112oXw",
      "title": "सवाल २",
      "scene_index": "5.2"
    },
    {
      "id": "67AFqgD0bvW",
      "title": "सवाल ३",
      "scene_index": "5.3"
    },
    {
      "id": "602km4FIIxd",
      "title": "सवाल ४",
      "scene_index": "5.4"
    },
    {
      "id": "639p52tIwFB",
      "title": "सवाल 5",
      "scene_index": "5.5"
    },
    {
      "id": "5gvyHoqbwIQ",
      "title": "गोविन्द की कहानी",
      "scene_index": "5.6"
    },
    {
      "id": "6J0bHU8Bz8r",
      "title": "सवाल ६",
      "scene_index": "5.7"
    },
    {
      "id": "6Hizs3ilaeH",
      "title": "सवाल ७",
      "scene_index": "5.8"
    },
    {
      "id": "5hvIdx3K5ow",
      "title": "सवाल ८",
      "scene_index": "5.9"
    },
    {
      "id": "60j0BApFMGu",
      "title": "सवाल 9",
      "scene_index": "5.10"
    },
    {
      "id": "5VBkDWyDiOJ",
      "title": "Results Slide",
      "scene_index": "5.11"
    },
    {
      "id": "5bockuXa8S3",
      "title": "आरंभ",
      "scene_index": "6.1"
    },
    {
      "id": "6fJ0OwWyTgB",
      "title": "सरोज की समस्या",
      "scene_index": "6.2"
    },
    {
      "id": "5zsWoB2X2SB",
      "title": "सवाल",
      "scene_index": "6.3"
    }
  ],
  "player": {
    "name": "unified",
    "width": 980,
    "height": 658
  },
  "stage": {
    "width": 720,
    "height": 540
  }
}