<?xml version="1.0" encoding="utf-8"?>
<tincan xmlns:xsi="http://www.w3.org/2001/XMLSchema-instance" xmlns:xsd="http://www.w3.org/2001/XMLSchema" xmlns="http://projecttincan.com/tincan.xsd">
	<activities>
		<activity id="http://6Ys9Rr0BnQg_course_id" type="http://adlnet.gov/expapi/activities/course">
			<name lang="und">RLO_Depression_25_June_2018</name>
			<description lang="und" />
			<launch lang="und">story.html</launch>
		</activity>
		<activity id="http://6Ys9Rr0BnQg_course_id/6aNTUqUTzQG" type="http://adlnet.gov/expapi/activities/objective">
			<name lang="und">RLO_Depression_25_June_2018</name>
			<description lang="und">RLO_Depression_25_June_2018</description>
		</activity>
		<activity id="http://6Ys9Rr0BnQg_course_id/6QIR6wzcMTC" type="http://adlnet.gov/expapi/activities/module">
			<name lang="und">आरंभ</name>
			<description lang="und">आरंभ</description>
		</activity>
		<activity id="http://6Ys9Rr0BnQg_course_id/5wyii6iB1FZ" type="http://adlnet.gov/expapi/activities/module">
			<name lang="und">आरंभ २</name>
			<description lang="und">आरंभ २</description>
		</activity>
		<activity id="http://6Ys9Rr0BnQg_course_id/5ZdiCmldYhR" type="http://adlnet.gov/expapi/activities/module">
			<name lang="und">विचार</name>
			<description lang="und">विचार</description>
		</activity>
		<activity id="http://6Ys9Rr0BnQg_course_id/6aeX94tQWh6" type="http://adlnet.gov/expapi/activities/module">
			<name lang="und">भावनाएं  </name>
			<description lang="und">भावनाएं  </description>
		</activity>
		<activity id="http://6Ys9Rr0BnQg_course_id/6PM9TwzPerq" type="http://adlnet.gov/expapi/activities/module">
			<name lang="und">व्यवहार</name>
			<description lang="und">व्यवहार</description>
		</activity>
		<activity id="http://6Ys9Rr0BnQg_course_id/6fe1Ow7ojUo" type="http://adlnet.gov/expapi/activities/module">
			<name lang="und">शारीरिक  लक्षण</name>
			<description lang="und">शारीरिक  लक्षण</description>
		</activity>
		<activity id="http://6Ys9Rr0BnQg_course_id/6QFGVPuSRg5" type="http://adlnet.gov/expapi/activities/module">
			<name lang="und">पहचान</name>
			<description lang="und">पहचान</description>
		</activity>
		<activity id="http://6Ys9Rr0BnQg_course_id/6b6P5wblHYB" type="http://adlnet.gov/expapi/activities/module">
			<name lang="und">जोखिम</name>
			<description lang="und">जोखिम</description>
		</activity>
		<activity id="http://6Ys9Rr0BnQg_course_id/6Ue7pcN8Udg" type="http://adlnet.gov/expapi/activities/module">
			<name lang="und">भ्रम</name>
			<description lang="und">भ्रम</description>
		</activity>
		<activity id="http://6Ys9Rr0BnQg_course_id/5yMyfMU8rQf" type="http://adlnet.gov/expapi/activities/module">
			<name lang="und">उपचार</name>
			<description lang="und">उपचार</description>
		</activity>
		<activity id="http://6Ys9Rr0BnQg_course_id/5aTY2gNqQ2C" type="http://adlnet.gov/expapi/activities/module">
			<name lang="und">सारांश</name>
			<description lang="und">सारांश</description>
		</activity>
		<activity id="http://6Ys9Rr0BnQg_course_id/5omM4QNTTHs" type="http://adlnet.gov/expapi/activities/module">
			<name lang="und">रचना की कहानी</name>
			<description lang="und">रचना की कहानी</description>
		</activity>
		<activity id="http://6Ys9Rr0BnQg_course_id/5omM4QNTTHs/6lbRPmPY3JS" type="http://adlnet.gov/expapi/activities/cmi.interaction">
			<name lang="und">Drag and Drop</name>
			<description lang="und">Drag and Drop</description>
			<interactionType>matching</interactionType>
			<correctResponsePatterns>
				<correctResponsePattern>statement_5WA54ZGMI7v[.]choice_6U4mKaYNfq0</correctResponsePattern>
				<correctResponsePattern>statement_5nPtQyE01uz[.]choice_5sO9ctj6fGc</correctResponsePattern>
				<correctResponsePattern>statement_5ly8J0YTT0H[.]choice_68XzFDE19IR</correctResponsePattern>
				<correctResponsePattern>statement_5v2OegP87bB[.]choice_6T8dnEMgGwX</correctResponsePattern>
				<correctResponsePattern>statement_6HInz2qQ3na[.]choice_6c7VvlFQ7Wh</correctResponsePattern>
				<correctResponsePattern>statement_6cDDpClQNgr[.]choice_6gwkJzC2lPM</correctResponsePattern>
				<correctResponsePattern>statement_6CjkVmyc0uf[.]choice_6AjPl93V4g8</correctResponsePattern>
			</correctResponsePatterns>
			<source>
				<component>
					<id>statement_5WA54ZGMI7v</id>
					<description lang="und">Rectangle 1</description>
				</component>
				<component>
					<id>statement_5nPtQyE01uz</id>
					<description lang="und">Rectangle 2</description>
				</component>
				<component>
					<id>statement_5ly8J0YTT0H</id>
					<description lang="und">Rectangle 3</description>
				</component>
				<component>
					<id>statement_5v2OegP87bB</id>
					<description lang="und">Rectangle 4</description>
				</component>
				<component>
					<id>statement_6HInz2qQ3na</id>
					<description lang="und">Rectangle 6</description>
				</component>
				<component>
					<id>statement_6cDDpClQNgr</id>
					<description lang="und">Rectangle 7</description>
				</component>
				<component>
					<id>statement_6CjkVmyc0uf</id>
					<description lang="und">Rectangle 8</description>
				</component>
			</source>
			<target>
				<component>
					<id>choice_6U4mKaYNfq0</id>
					<description lang="und">Text Box 7 - ग्लानी एवं बुरा </description>
				</component>
				<component>
					<id>choice_5sO9ctj6fGc</id>
					<description lang="und">Text Box 11 - बहार आना जाना</description>
				</component>
				<component>
					<id>choice_68XzFDE19IR</id>
					<description lang="und">Text Box 8 - सोते रहती</description>
				</component>
				<component>
					<id>choice_6T8dnEMgGwX</id>
					<description lang="und">Text Box 9 - नखरे </description>
				</component>
				<component>
					<id>choice_6c7VvlFQ7Wh</id>
					<description lang="und">Text Box 10 - आलसी है </description>
				</component>
				<component>
					<id>choice_6gwkJzC2lPM</id>
					<description lang="und">Text Box 17 - चिडचिडी होते जा रही है</description>
				</component>
				<component>
					<id>choice_6AjPl93V4g8</id>
					<description lang="und">Text Box 18 - व्यवहार में</description>
				</component>
				<component>
					<id>choice_61SCgfgqpIB</id>
					<description lang="und">Text Box 19 - घर</description>
				</component>
				<component>
					<id>choice_6QF10d9m79s</id>
					<description lang="und">Text Box 20 - डरावना</description>
				</component>
				<component>
					<id>choice_6fsUv8x12E8</id>
					<description lang="und">Text Box 21 - नए लोगो से बात करना</description>
				</component>
				<component>
					<id>choice_6ogyqtcP2Iq</id>
					<description lang="und">Text Box 23 - पढने मे</description>
				</component>
				<component>
					<id>choice_5df9W8BjX1L</id>
					<description lang="und">Text Box 22 - अकेले गाना सुनते रहती</description>
				</component>
			</target>
		</activity>
		<activity id="http://6Ys9Rr0BnQg_course_id/5YLfu112oXw" type="http://adlnet.gov/expapi/activities/module">
			<name lang="und">सवाल २</name>
			<description lang="und">सवाल २</description>
		</activity>
		<activity id="http://6Ys9Rr0BnQg_course_id/5YLfu112oXw/5hpbSJatEtf" type="http://adlnet.gov/expapi/activities/cmi.interaction">
			<name lang="und">क्या रचना को सहायता की जरूरत है ? </name>
			<description lang="und">क्या रचना को सहायता की जरूरत है ? </description>
			<interactionType>choice</interactionType>
			<correctResponsePatterns>
				<correctResponsePattern>choice_5gxX0Bg7bHR</correctResponsePattern>
			</correctResponsePatterns>
			<choices>
				<component>
					<id>choice_5gxX0Bg7bHR</id>
					<description lang="und">हाँ  </description>
				</component>
				<component>
					<id>choice_5bdoay7BGmz</id>
					<description lang="und">नही </description>
				</component>
				<component>
					<id>choice_5tbjZJeEuRK</id>
					<description lang="und">समय के साथ वह स्वयं ठीक हो जाएगी </description>
				</component>
			</choices>
		</activity>
		<activity id="http://6Ys9Rr0BnQg_course_id/67AFqgD0bvW" type="http://adlnet.gov/expapi/activities/module">
			<name lang="und">सवाल ३</name>
			<description lang="und">सवाल ३</description>
		</activity>
		<activity id="http://6Ys9Rr0BnQg_course_id/67AFqgD0bvW/5eC7ae96GC7" type="http://adlnet.gov/expapi/activities/cmi.interaction">
			<name lang="und">क्या रचना को डिप्रेशन होने की संभावना है ? </name>
			<description lang="und">क्या रचना को डिप्रेशन होने की संभावना है ? </description>
			<interactionType>choice</interactionType>
			<correctResponsePatterns>
				<correctResponsePattern>choice_5mfLXkeRJKY</correctResponsePattern>
			</correctResponsePatterns>
			<choices>
				<component>
					<id>choice_5mfLXkeRJKY</id>
					<description lang="und">अत्याधिक अधिक  </description>
				</component>
				<component>
					<id>choice_6ZKg1B3rwku</id>
					<description lang="und">बिलकुल नही </description>
				</component>
				<component>
					<id>choice_6Akg79g2NA5</id>
					<description lang="und">कह नही सकते  </description>
				</component>
			</choices>
		</activity>
		<activity id="http://6Ys9Rr0BnQg_course_id/602km4FIIxd" type="http://adlnet.gov/expapi/activities/module">
			<name lang="und">सवाल ४</name>
			<description lang="und">सवाल ४</description>
		</activity>
		<activity id="http://6Ys9Rr0BnQg_course_id/602km4FIIxd/60v9n1b55BM" type="http://adlnet.gov/expapi/activities/cmi.interaction">
			<name lang="und">रचना का उपचार कैसे हो सकता है ? </name>
			<description lang="und">रचना का उपचार कैसे हो सकता है ? </description>
			<interactionType>choice</interactionType>
			<correctResponsePatterns>
				<correctResponsePattern>choice_5WEk4Hq4WS5</correctResponsePattern>
			</correctResponsePatterns>
			<choices>
				<component>
					<id>choice_5WEk4Hq4WS5</id>
					<description lang="und"> दवाइयों से </description>
				</component>
				<component>
					<id>choice_6nw00ShVo4G</id>
					<description lang="und"> परामर्श से </description>
				</component>
				<component>
					<id>choice_6AqmIl63Ue6</id>
					<description lang="und">उपरोक्त दोनों </description>
				</component>
				<component>
					<id>choice_5qNLia8Mzyq</id>
					<description lang="und">उपरोक्त में से कोई नहीं </description>
				</component>
			</choices>
		</activity>
		<activity id="http://6Ys9Rr0BnQg_course_id/639p52tIwFB" type="http://adlnet.gov/expapi/activities/module">
			<name lang="und">सवाल 5</name>
			<description lang="und">सवाल 5</description>
		</activity>
		<activity id="http://6Ys9Rr0BnQg_course_id/639p52tIwFB/6nE2Dt79hEP" type="http://adlnet.gov/expapi/activities/cmi.interaction">
			<name lang="und">क्या रचना के पिता डिप्रेशन के बारे में जानते हैं ? </name>
			<description lang="und">क्या रचना के पिता डिप्रेशन के बारे में जानते हैं ? </description>
			<interactionType>choice</interactionType>
			<correctResponsePatterns>
				<correctResponsePattern>choice_5tleS2IZnQh</correctResponsePattern>
			</correctResponsePatterns>
			<choices>
				<component>
					<id>choice_5zxIMNVQfdH</id>
					<description lang="und">हां </description>
				</component>
				<component>
					<id>choice_5tleS2IZnQh</id>
					<description lang="und">नही </description>
				</component>
			</choices>
		</activity>
		<activity id="http://6Ys9Rr0BnQg_course_id/5gvyHoqbwIQ" type="http://adlnet.gov/expapi/activities/module">
			<name lang="und">गोविन्द की कहानी</name>
			<description lang="und">गोविन्द की कहानी</description>
		</activity>
		<activity id="http://6Ys9Rr0BnQg_course_id/6J0bHU8Bz8r" type="http://adlnet.gov/expapi/activities/module">
			<name lang="und">सवाल ६</name>
			<description lang="und">सवाल ६</description>
		</activity>
		<activity id="http://6Ys9Rr0BnQg_course_id/6J0bHU8Bz8r/612mh7KVFF8" type="http://adlnet.gov/expapi/activities/cmi.interaction">
			<name lang="und">गोविन्द को डिप्रेशन होने की संभावना है ? </name>
			<description lang="und">गोविन्द को डिप्रेशन होने की संभावना है ? </description>
			<interactionType>choice</interactionType>
			<correctResponsePatterns>
				<correctResponsePattern>choice_5pnDxDLJGsm</correctResponsePattern>
			</correctResponsePatterns>
			<choices>
				<component>
					<id>choice_5pnDxDLJGsm</id>
					<description lang="und">सत्य </description>
				</component>
				<component>
					<id>choice_6lboYkyfkfw</id>
					<description lang="und">असत्य </description>
				</component>
			</choices>
		</activity>
		<activity id="http://6Ys9Rr0BnQg_course_id/6Hizs3ilaeH" type="http://adlnet.gov/expapi/activities/module">
			<name lang="und">सवाल ७</name>
			<description lang="und">सवाल ७</description>
		</activity>
		<activity id="http://6Ys9Rr0BnQg_course_id/6Hizs3ilaeH/5zbV7W2I0xs" type="http://adlnet.gov/expapi/activities/cmi.interaction">
			<name lang="und">गोविन्द को डिप्रेशन हो सकता है क्योकि? </name>
			<description lang="und">गोविन्द को डिप्रेशन हो सकता है क्योकि? </description>
			<interactionType>choice</interactionType>
			<correctResponsePatterns>
				<correctResponsePattern>choice_6VKHafQKYaZ</correctResponsePattern>
			</correctResponsePatterns>
			<choices>
				<component>
					<id>choice_6VKHafQKYaZ</id>
					<description lang="und">उसकी दैनिक दिनचर्या, नींद एवं भूख मे दो महीनों बदलाव आ गया है </description>
				</component>
				<component>
					<id>choice_5ZOxIP0ZtDd</id>
					<description lang="und">अधिक आयु में डिप्रेशन होना आम बात है </description>
				</component>
				<component>
					<id>choice_5jlWxi81kfq</id>
					<description lang="und">उससे आपना पुराना काम बंद कर दिया है </description>
				</component>
			</choices>
		</activity>
		<activity id="http://6Ys9Rr0BnQg_course_id/5hvIdx3K5ow" type="http://adlnet.gov/expapi/activities/module">
			<name lang="und">सवाल ८</name>
			<description lang="und">सवाल ८</description>
		</activity>
		<activity id="http://6Ys9Rr0BnQg_course_id/5hvIdx3K5ow/6nNBm5DZiOQ" type="http://adlnet.gov/expapi/activities/cmi.interaction">
			<name lang="und">आप गोविन्द को क्या सलाह देंगे ?</name>
			<description lang="und">आप गोविन्द को क्या सलाह देंगे ?</description>
			<interactionType>choice</interactionType>
			<correctResponsePatterns>
				<correctResponsePattern>choice_5qT8gWACsS4</correctResponsePattern>
			</correctResponsePatterns>
			<choices>
				<component>
					<id>choice_6iCNZVmd8lg</id>
					<description lang="und">बंद काम फिर से शुरू करना </description>
				</component>
				<component>
					<id>choice_61XepX0XKa8</id>
					<description lang="und">सुजन से नही घबराए </description>
				</component>
				<component>
					<id>choice_5qT8gWACsS4</id>
					<description lang="und">उपचार ले </description>
				</component>
				<component>
					<id>choice_5ss2H1zwaOi</id>
					<description lang="und">लड़के से बात करे और अपनी समस्या उसके साथ साझा करें </description>
				</component>
			</choices>
		</activity>
		<activity id="http://6Ys9Rr0BnQg_course_id/60j0BApFMGu" type="http://adlnet.gov/expapi/activities/module">
			<name lang="und">सवाल 9</name>
			<description lang="und">सवाल 9</description>
		</activity>
		<activity id="http://6Ys9Rr0BnQg_course_id/60j0BApFMGu/6XQVRab1Y93" type="http://adlnet.gov/expapi/activities/cmi.interaction">
			<name lang="und">गोविन्द को केवल चिंता है यह कोई बीमारी नहीं है l </name>
			<description lang="und">गोविन्द को केवल चिंता है यह कोई बीमारी नहीं है l </description>
			<interactionType>choice</interactionType>
			<correctResponsePatterns>
				<correctResponsePattern>choice_6qHQSn31ZEa</correctResponsePattern>
			</correctResponsePatterns>
			<choices>
				<component>
					<id>choice_6qHQSn31ZEa</id>
					<description lang="und">असत्य </description>
				</component>
				<component>
					<id>choice_5aedmh9uCUJ</id>
					<description lang="und">सत्य </description>
				</component>
			</choices>
		</activity>
		<activity id="http://6Ys9Rr0BnQg_course_id/5VBkDWyDiOJ" type="http://adlnet.gov/expapi/activities/module">
			<name lang="und">Results Slide</name>
			<description lang="und">Results Slide</description>
		</activity>
		<activity id="http://6Ys9Rr0BnQg_course_id/5bockuXa8S3" type="http://adlnet.gov/expapi/activities/module">
			<name lang="und">आरंभ</name>
			<description lang="und">आरंभ</description>
		</activity>
		<activity id="http://6Ys9Rr0BnQg_course_id/6fJ0OwWyTgB" type="http://adlnet.gov/expapi/activities/module">
			<name lang="und">सरोज की समस्या</name>
			<description lang="und">सरोज की समस्या</description>
		</activity>
		<activity id="http://6Ys9Rr0BnQg_course_id/5zsWoB2X2SB" type="http://adlnet.gov/expapi/activities/module">
			<name lang="und">सवाल</name>
			<description lang="und">सवाल</description>
		</activity>
		<activity id="http://6Ys9Rr0BnQg_course_id/5zsWoB2X2SB/6RHVEKfXYa0" type="http://adlnet.gov/expapi/activities/cmi.interaction">
			<name lang="und">आपके अनुसार सरोज को क्या समस्या  है?</name>
			<description lang="und">आपके अनुसार सरोज को क्या समस्या  है?</description>
			<interactionType>choice</interactionType>
			<choices>
				<component>
					<id>choice_5dVbkci902C</id>
					<description lang="und">आर्थिक समस्या</description>
				</component>
				<component>
					<id>choice_6BHoVxiwhMo</id>
					<description lang="und">घर में वादविवाद</description>
				</component>
				<component>
					<id>choice_6Ph2OBrVWMB</id>
					<description lang="und">डिप्रेशन</description>
				</component>
				<component>
					<id>choice_5Xt3noEKp1H</id>
					<description lang="und">शारीरिक </description>
				</component>
			</choices>
		</activity>
	</activities>
</tincan>